hours_since_death,rectal_c,published_phase2_hours,parenthesized_in_source,known_phase2_hours,replay_phase2_raw_hours,replay_phase2_grid_hours,reconstruction_status,transition_reconstructed_c,omitted_term_fraction,reconstructed_total_hours,reconstruction_error_hours,constant_fc_before_hours,constant_fc_after_hours,constant_fc_before_error_hours,constant_fc_after_error_hours
23.0,19.5,1.4,False,1.0,1.2635263363988896,1.4,experimental_two_phase,20.126108603816807,0.0007740546896663165,22.061990095132614,-0.9380099048673856,22.347198349447126,17.433811010010913,-0.652801650552874,-5.566188989989087
24.0,19.1,2.0,False,2.0,1.9497660719059802,2.0,experimental_two_phase,20.333772125737216,0.0008609906763808698,22.658373105585497,-1.3416268944145031,23.22846767473152,18.121319243736025,-0.7715323252684811,-5.878680756263975
25.0,18.7,2.8,False,3.0,2.6782618470472075,2.8,experimental_two_phase,20.517979104744494,0.0009440951635275733,23.30897251681722,-1.6910274831827792,24.16360943192899,18.85085519753261,-0.8363905680710104,-6.14914480246739
26.0,18.1,4.0,False,4.0,3.8626814749404876,4.0,experimental_two_phase,20.39253773258658,0.0008868769095371035,24.546046669722955,-1.453953330277045,25.683357323745213,20.03646231993457,-0.31664267625478715,-5.9635376800654285
27.0,17.6,5.0,False,5.0,4.949161347758508,5.0,experimental_two_phase,20.33442835727086,0.0008612765603235131,25.657114240699457,-1.3428857593005432,27.076934756793207,21.123639567641703,0.07693475679320727,-5.876360432358297
28.0,17.2,6.0,False,6.0,5.896412326143561,6.0,experimental_two_phase,20.36995733878376,0.0008768617792577472,26.58911092311405,-1.410889076885951,28.291657789228566,22.071286402195938,0.2916577892285659,-5.928713597804062
29.0,16.8,7.0,False,7.0,6.926132763890655,7.0,experimental_two_phase,20.35005065304614,0.0008681035025085737,27.627175886241957,-1.3728241137580426,29.611933712927794,23.10127864439778,0.6119337129277937,-5.89872135560222
30.0,16.4,8.2,False,8.0,8.054063885835335,8.2,experimental_two_phase,20.264654897731013,0.0008312785638740646,28.79154071256312,-1.208459287436881,31.057960954741475,24.22937377537778,1.0579609547414748,-5.7706262246222195
31.0,16.2,8.8,False,9.0,8.66108512119096,8.8,experimental_two_phase,20.53028436307593,0.0009498543436621609,29.285911232109584,-1.7140887678904164,31.836118591510285,24.83644106691486,0.8361185915102851,-6.163558933085142
32.0,15.8,10.0,False,10.0,9.977364826637396,10.0,experimental_two_phase,20.3159586321249,0.0008532576235721165,30.692584445761213,-1.307415554238787,33.52340231671292,26.152748602449947,1.523402316712918,-5.847251397550053
33.0,15.6,10.8,False,11.0,10.694815972394027,10.8,experimental_two_phase,20.507314809626262,0.0009391253490083625,31.328986332950763,-1.6710136670492375,34.443033272347066,26.87018405134836,1.4430332723470656,-6.12981594865164
34.0,15.4,11.6,False,12.0,11.458585453312025,11.6,experimental_two_phase,20.670861976827233,0.0010175479315636747,32.024866021650496,-1.975133978349504,35.422012936834335,27.633919450587427,1.422012936834335,-6.3660805494125725
35.0,15.2,12.4,False,13.0,12.275069139548142,12.4,experimental_two_phase,20.80020742086428,0.001082992953878095,32.7885049457966,-2.2114950542033966,36.46854066979927,28.450351400041427,1.4685406697992676,-6.549648599958573
36.0,14.8,14.2,False,14.0,14.099337539870717,14.2,experimental_two_phase,20.23512050239662,0.0008188209797240606,34.848796821361475,-1.151203178638525,38.806745716270825,30.274464841262443,2.806745716270825,-5.725535158737557
37.0,14.6,15.2,False,15.0,15.129057977617823,15.2,experimental_two_phase,20.21555060071112,0.000810644315583391,35.88685294788206,-1.113147052117938,40.12654069483574,31.304081881772845,3.1265406948357395,-5.695918118227155
38.0,14.4,16.4,False,16.0,16.256989099562492,16.4,experimental_two_phase,20.131599582550553,0.0007762643992351396,37.05118062791348,-0.9488193720865183,41.57220182824972,32.431891399115784,3.5722018282497174,-5.568108600884216
39.0,14.4,16.4,True,17.0,16.256989099562492,16.4,experimental_two_phase,20.813405360001447,0.0010898450673144289,36.76458894691291,-2.235411053087091,41.57220182824972,32.431891399115784,2.5722018282497174,-6.568108600884216
40.0,14.2,17.6,True,18.0,17.503859107347424,17.6,near_ambient,,,,,43.17029717864557,33.67862004398262,3.170297178645569,-6.321379956017381
44.0,13.6,22.4,True,22.0,22.30226275359789,22.4,near_ambient,,,,,49.32030021186279,38.47644699819625,5.3203002118627865,-5.523553001803748
